category,
air_freshner,
ashtray,
auto,
baby_product,
baby_product,
bags,
batteries,
bluetooth,
butane_fuel,
can_cooler,
candles,
candy,
candy_bags,
candy_toys,
cans,
cappicino_coffee,
caps,
cartridge,
cat_food,
cbd,
charcoal,
chips,
cig_machine,
cig_papers,
cig_wraps,
cigarette_filters,
cigarette_tubes,
cigarettes,
cigars,
cleaning_supplies,
condoms,
cookies,
cosmetics,
cups,
deodarant,
detergents,
dish_washing_liq,
dishplay,
display_plastic,
dog_food,
drinks,
e_cigar,
e_cigarette,
e_hookah,
e_juice,
energy_drinks,
fabric_softner,
feminine,
filter_tubes,
fire_log,
foam_cups,
food,
general_mills,
gift_item,
gloves,
grinder,
groceries,
gums,
hand_piep,
hookah,
hookah_flavour,
hookah_g,
household,
incense,
jack_links,
juice,
kelloggs,
key_chain,
knives,
kratom,
lighter,
lighter_fluid,
little_cigars,
loose_tobacco,
magazine,
medecine,
milk,
mint,
misc,
motex,
movies_dvds,
nabisco,
non_tobacco_shisha,
oil,
paper_products,
phone_accessories,
phone_cards,
pipe,
planters,
plastic_ring,
playing_cards,
pods,
price_gun,
price_label,
raw_paper,
rolling_machine,
safe_can,
sathers,
scale,
shamp_cond_soap,
shamp_cond_soap,
shirt,
slim_jim,
snacks,
spinners,
stationary,
sunglass,
tarless_filter,
thermal_paper,
tobacco,
tobacco_pipe,
vape,
vitamin_pills,
vitamins,
water,
water_gun,
winter_items,